<?xml version="1.0" encoding="utf-8"?>

<!--
@name     Demo Login
@author   Andrii Burkatskyi, ocmod.space@gmail.com
@version  1.0.0
@link     https://www.ocmod.space/
@link     https://github.com/ocmod-space/demo-login
@licence  https://raw.githubusercontent.com/ocmod-space/ocmod-demo-login/main/LICENSE.txt
-->

<modification>
    <name>#ocmod.space: demo-login</name>
    <code>demo-login</code>
    <version>1.0.0</version>
    <author>Andrii Burkatskyi</author>
    <link>https://www.opencart.com/index.php?route=marketplace/extension&amp;filter_member=ocmod.space</link>

    <file path="admin/view/template/common/login.twig">
        <operation error="log">
            <search>
                <![CDATA[{{ footer }}]]>
            </search>
            <add position="after">
                <![CDATA[
{# << demo-login #}
<script type="text/javascript"><!--
  $( document ).ready(function() {
    console.log('ready to login!');

    $('input[name="username"]').val('demo');
    $('input[name="password"]').val('demo');
  });
//--></script>
{# >> demo-login #}]]>
            </add>
        </operation>
    </file>
</modification>
